{
    "languageserver": {
        "cmake": {
            "command": "cmake-language-server",
            "filetypes": [
                "cmake"
            ],
            "rootPatterns": [
                "build/"
            ],
            "initializationOptions": {
                "buildDirectory": "build"
            }
        },
        "intelephense": {
            "command": "intelephense",
            "args": [
                "--stdio"
            ],
            "filetypes": [
                "php"
            ],
            "initializationOptions": {
                "storagePath": "/tmp/intelephense"
            }
        },
        "efm": {
            "command": "efm-langserver",
            "args": [],
            "filetypes": [
                "vim",
                "eruby"
            ]
        },
        "digestif": {
            "command": "/home/matteo/.local/bin/digestif",
            "filetypes": [
                "tex",
                "plaintex",
                "context"
            ]
        }
    },
    "clangd.path": "/home/matteo/.config/coc/extensions/coc-clangd-data/install/13.0.0/clangd_13.0.0/bin/clangd",
    "coc.preferences.formatOnSaveFiletypes": [
        "python",
        "json",
        "rust"
    ],
    "coc.preferences.formatOnType": true,
    "coc.source.vimtex.filetypes": [
        "tex",
        "plaintex",
        "latex"
    ],
    "explorer.buffer.root.template": "[icon & 1] OPEN EDITORS",
    "explorer.file.child.template": "[git | 2] [selection | clip | 1] [indent][icon | 1] [diagnosticError & 1][filename omitCenter 1][modified][readonly] [linkIcon & 1][link growRight 1 omitCenter 5]",
    "explorer.file.reveal.auto": true,
    "explorer.file.root.template": "[icon & 1] PROJECT ([root])",
    "explorer.file.showHiddenFiles": true,
    "explorer.icon.enableNerdfont": true,
    "explorer.previewAction.onHover": false,
    "explorer.width": 30,
    "json.format.enable": true,
    "ltex.enabled": false,
    "ltex.dictionary": {
        "en-US": [
            "Technische",
            "Universität",
            "precomputed",
            "observables",
            "autocorrelation",
            "pq-estimator",
            "ZPathPQ",
            "Kullback-Leibler",
            "TODO",
            "unbiasedness",
            "Observables",
            "Autocorrelation",
            "pq-estimator",
            "ZPathPQ",
            "Kullback-Leibler",
            "TODO",
            "Unbiasedness",
            "Subproblem",
            "Gätzner",
            "Bian",
            "Yan"
        ],
        "de-DE": [
            "Gätzner",
            "Bian",
            "Yan"
        ]
    },
    "ltex.completionEnabled": true,
    "markdownlint.config": {
        "default": true,
        "line-length": false
    },
    "pyright.enable": true,
    "pyright.organizeimports.provider": "pyright",
    "python.analysis.stubPath": "/home/matteo/.cache/pyright-stubs/",
    "python.analysis.typeCheckingMode": "basic",
    "python.formatting.blackPath": "/home/matteo/.local/share/miniconda3/envs/neovim-python3/bin/black",
    "python.venvPath":"/home/matteo/.local/share/miniconda3/envs/",
    "python.formatting.provider": "black",
    "python.linting.enabled": true,
    "python.linting.mypyEnabled": true,
    "python.linting.pycodestyleEnabled": false,
    "python.linting.pylintEnabled": true,
    "snippets.extends": {
        "latex": [
            "tex"
        ]
    },
    "texlab.formatterLineLength": 80,
    "python.pythonPath": "/home/matteo/.local/share/miniconda3/envs/neovim-python3/bin/python3",
    "snippets.ultisnips.pythonPrompt": false
}
